Seq,Label
YYKLVFFC,1
VVVVVVKK,1
VVVVVVK,1
VRVRVRVRVDPPTRVRVRVRV,1
VLYSWKNEQ,1
VKVKVKVKVPPTKVKVKVKV,1
VKVKVKGKVPPTKEEVKVKV,1
VKVKVKGKVKVPPTKVEEKVKV,1
VIYSWKNEQ,1
VIIK,1
VFYYNKNER,1
VFFSWTDDR,1
VFFSWKNDN,1
VFFPNKEDN,1
VFAYNKDER,1
RLQLQLE,1
RIIIIR,1
RARADADARARADADA,1
RADARADARADARADA,1
RADAGAGARADAGAGA,1
QQRFQWQFEQQ,1
QQRFQQWQFEQQ,1
QQRFEWEFEQQ,1
QQKFQFQFEQQ,1
PAPAPAPA,1
NILQEVKNILKEVKNILWEVKNILQEVK,1
NANPNANPNANPSGSGQQKFQFQFEQQ,1
MEMEMKMKMEMEMKMK,1
LLLLLLKK,1
LLLLK,1
LLAYWTEDN,1
LIYYNKEER,1
LIYPWTNEQ,1
LIIK,1
LIIIK,1
LIAYWTEEN,1
LIAYWTEDQ,1
LIAYWTEDN,1
LIAYWTDHR,1
LFYYNTEDQ,1
LFYSWKEHR,1
LFYSWKDHR,1
LFFYNKEHR,1
LFFSWKEHR,1
KSLSLSLRGSLSLSLKGRGDS,1
KRRFFRRK,1
KLLLL,1
KLDLKLDLKLDL,1
KKSLSLSLSLSLSLKK,1
KKQYQYQYQYQYQYKK,1
KKQWQWQWQWQWQWKK,1
KKQLQLQLQLQLQLKK,1
KKQFQFQFQFQFQFKK,1
KIQQLKQKNQQLKQEIQQLEQEIQQLEQ,1
KIQQLKQKIQQLKQEIQQLEQENQQLEQ,1
KIDRLKWKIAQLKADVDKLEADNAQLDA,1
KIAALKQKNAALKQEIAALEQEIAALEQ,1
KIAALKQKIAALKQEIAALEQENAALEQ,1
KIAALKKKNAALKAEIAALEKENAALEA,1
KIAALKAKNAALKAEIAALEWEIAALEA,1
KIAALKAKNAALKAEIAALEAENAALEA,1
KIAALKAKNAALKAEIAALEAEIAALEA,1
KIAALKAKIAALKAEIAALEWENAALEA,1
KIAALKAKIAALKAEIAALEAENAALEA,1
KIAALKAKHAALKAEIAALEAEHAALEA,1
KFFFFFK,1
KAAAAAA,1
IQQLKNQIKQLLKQAAIQQLQNQIQQLLQQ,1
IQQLKNQIKQLLKQ,1
ILYSWKEHR,1
ILFYWKDDQ,1
IKQLEDKIEELLSKAAIKQLEDKIEELLSK,1
IIYSWKEHR,1
IIVK,1
IILK,1
IIK,1
IIILK,1
IIILIK,1
IIIKGVPGVGVPGVGK,1
IIIKGVPGVGK,1
IIIK,1
IIIIKKY,1
IIIIK,1
IIIIIIK,1
IIIGVPGVGVPGVGKK,1
IIIGVPGVGKK,1
IIIGK,1
IIIGGK,1
IIFYWKDDQ,1
IFYYNTNDR,1
IFYYNTEDQ,1
GAGAGSGAAS,1
GAGAGS,1
FPTFPT,1
FKIDF,1
FKFEFKFE,1
FFVDF,1
FFSGGGGRPHPFH,1
FFKEKEFF,1
FFGK,1
FFFGK,1
EYNFDFKFNYH,1
EYNDFFKIYH,1
EYFNKFYK,1
ESLSLSLSLSLSLE,1
EQLQLQLQLQLQLE,1
EMKMKMEMEMKMK,1
EIAQHEKEIQAIEKKIAQHEYKIQAIEEKIAQHKEKIQAIK,1
EEEPA,1
ECLSLCLSLCLSLE,1
EAKKKKKKKKKKKKKKKK,1
CKQLEDKIEELLSKAACKQLEDKIEELLSK,1
CFKFEFKFECG,1
CCCCGGGSRGD,1
CCCCGGGEIKVAV,1
AAAAAAAAAKK,1
AAAAAAAAAK,1
AAAAAAAAAAAARR,1
IIAYWTNER,1
LLAYWTNER,1
NTAYFYADQ,1
NTGYFYGDQ,1
QRLQLQLEQ,1
TSRFAAFSQK,1
TSRFVFFSQK,1
VFFSWKNEN,1
LLAYWTEDQ,1
IFAYWTDEQ,1
IFAYWTEDQ,1
LIYPWKNDN,1
IIAYWTDEQ,1
LLFPWTDDR,1
IIFPWTEEQ,1
LIYPWKDHR,1
IIAYWTDHR,1
IIFPWTDDR,1
LIYYWTEEN,1
ILAYWTEDN,1
VFAYWTEDQ,1
ILAYWTDEQ,1
ILAYWTEDQ,1
VFAYWTDDR,1
LFAPWKEHN,1
ILAYWTDHR,1
LFAYNKEEQ,1
LFAPWKNHQ,1
IFFYWTDHR,1
VFAYNKEDR,1
IIYYWTEDQ,1
IIYYWTDEQ,1
IIYYWKDDN,1
LIAYGTNDR,1
IFYYNTDDR,1
LLYYWKNDN,1
ILYYWTDEQ,1
ILYYWTEEN,1
ILYPWTNEQ,1
VFFPWTDDR,1
LIFYWTDDR,1
ILFPWTDDR,1
VIAPWKEHR,1
LFYYNTNDR,1
LIFYWKNDN,1
LFYYNTEER,1
LFYPWTDHR,1
IFYYNKEEQ,1
VFYYNKDER,1
LFYPWKNHR,1
IFYYNKEER,1
IFAYNTEHQ,1
IIFYWTDDR,1
IFYPWKDHR,1
IIAYGTNDR,1
VIYYNTEHQ,1
LLFYWTDDR,1
LFYYNTDEQ,1
IIYYWKEHQ,1
IIFYWKNDN,1
IFAPWKEHN,1
ILFPWTEEQ,1
VLFPWTEHQ,1
VLAPWKEHR,1
LFYYNTDDR,1
IFAPWKNHQ,1
ILFYWTDDR,1
ILFYWTNDR,1
IFFPWKEDR,1
LLFYWKNEN,1
ILYYWKNDN,1
IIYYNKEER,1
IFFYWKEHR,1
IFAYNKEEQ,1
LFYYNKEEQ,1
LIFSWTDHR,1
LLYPWTNEQ,1
LFYYNKEER,1
VFFPWKDEN,1
LFAYNTEHQ,1
IIFSWTNHR,1
VFAPWKEHR,1
IFYYNTEER,1
IIFYNKEER,1
ILFYNKEER,1
LFYYNKEHR,1
LLFSWTDHR,1
IIYPWTNEQ,1
LLYPWKDDN,1
VFAYWKEHQ,1
ILAYGTNDR,1
IIYPWKNDN,1
LLYPWKNDN,1
LLFSWTNHR,1
IIYPWKNDR,1
LLYPWKNDR,1
VFYPWTNDQ,1
ILASWKEHR,1
ILFSWTDHR,1
LIFPWTDDR,1
IIYPWKDHR,1
ILFSWTNHR,1
IFYYNKEHR,1
LIFSWTNHR,1
VFFSGTDDN,1
VLYSNTEDN,1
IFFSNTEHQ,1
VFFYNKDHN,1
VIAYGTNER,1
LIYPGKEER,1
LIYPNKEHR,1
VFFYNKNHN,1
IFFSWKEHR,1
LIFPWTEEQ,1
VIYSNTEDN,1
IFYSWKDHR,1
VFYPWTDDQ,1
LLAYGTNDR,1
VIFPWTEHQ,1
LIFYNKEER,1
IIFSWTDHR,1
VLYYNTEHQ,1
VFYPWKEDR,1
VFFPNTNDR,1
VFFSNKDER,1
LFFSNTEHQ,1
IIASWKEHR,1
IIYPNKEHR,1
IIYPGKEER,1
VFFSWKDDN,1
VFFPNKDDQ,1
VFFPNKDEN,1
LIASWKEHR,1
VFFPGKEER,1
VFFSWTEHQ,1
VIFSGTNER,1
VFFSWTNEQ,1
VFFSWKEHQ,1
VLFSGTNER,1
ILYPGKEER,1
ILYPNKEHR,1
VIASWTNHN,1
VFFSNKEDR,1
LLYPGKEER,1
VLAYGTNER,1
LLYPNKEHR,1
VLASWTNHN,1
LLLLLLDD,1
AAAAAAKK,1
VVVVVVKKK,1
IIIIIIKKKK,1
LLLK,1
LLLLLK,1
AAVVLLLWEE,1
KKKFLIVIGSIIKKK,1
KFLKKIVKIGKKSII,1
GAVILRR,1
FTISD,1
ITSVV,1
YFTEF,1
AAVVLLLWEEEEE,1
AAVVLLLWEEEEEEE,1
IFYPWKDER,1
IFYYWKEER,1
IFYYNKEEN,1
LFYYNKEEN,1
LIAYWTNER,1
LIFYWKEER,1
RRLIVAG,1
TAREYRPAHE,1
YYAYY,1
FFVLKTAREYRPAHEC,1
LIAYWTDEQ,1
LIAYWTNHR,1
VFAYWTEEQ,1
LLAYWTDEQ,1
LLAYWTEEN,1
LIYPWKNDR,1
LLAYWTNHR,1
LLAYWTDHR,1
LIYPWKDDN,1
IFAYWTEDN,1
LFAYWTEDQ,1
LFAYWTDEQ,1
IFAPWKDHQ,1
LFYYWTNDN,1
VFFYWTNEQ,1
VFFPWKEDN,1
IIAYWTEDQ,1
IIAYWTEEN,1
IFAYWKDHR,1
LIYYWKEHQ,1
IFYPWKNHR,1
IIAYWTEDN,1
IIAYWTNHR,1
LIYYWKDEQ,1
LIYYWKEDQ,1
LIYYWKEEN,1
LIYYWKNEN,1
LIYYWKNDN,1
LIYYWTNHN,1
LIYYWKDDN,1
LIYYWTNEQ,1
LIYYWTDEQ,1
LIYYWTEDQ,1
IFYPWKEHR,1
IFYPGTDHR,1
LFAYWTEDN,1
VFAYWTNDR,1
IFYPWTDHR,1
LFFPWKEDR,1
IFYYWTNDN,1
VLYYWTEER,1
LIFYWTEHR,1
ILAYWTEEN,1
ILAYWTNHR,1
LFFYWTDHR,1
LLYYWKEHQ,1
LLYYWKDEQ,1
LLYYWKEDQ,1
LLYYWKEEN,1
VFFPWKNDN,1
LLYYWKNEN,1
LLYYWTNHN,1
LIFYWKEHR,1
LLYYWKDDN,1
LLYYWTNEQ,1
LLYYWTDEQ,1
LLYYWTEDQ,1
LLYYWTEEN,1
IIYYWKDEQ,1
IIYYWKEDQ,1
IIYYWKEEN,1
LFAYNKNDR,1
LIFYWKEHQ,1
IIYYWTNEQ,1
IIYYWTEEN,1
LIFYWKNHQ,1
LIFYWKNHN,1
LIFYWKDHN,1
LIFYWTNDR,1
LIFYWKNDQ,1
LIFYWKNEN,1
LIFYWTEEQ,1
LIFYWTNEQ,1
VFAYWKDDN,1
VFAYWTNEQ,1
VFAYWTEEN,1
LIFYWKDEN,1
LIFYWKEDN,1
ILYYWKDEQ,1
ILYYWKEDQ,1
ILYYWKEEN,1
LFYPWKEHR,1
ILYYWTNHN,1
ILYYWKDDN,1
ILYYWTNEQ,1
VFFPWKNEN,1
ILYYWTEDQ,1
LFYYWKEHR,1
VFFPWKDDQ,1
VFFPWKNDQ,1
LFAYWKDHR,1
ILYPWKDHR,1
LFFYWKEHR,1
LFYPWKDHR,1
ILYPWKNDR,1
LFYYWKDDR,1
LFYYWKDHN,1
LFYYWTNDR,1
LFYYWTDDR,1
LFFYWTDER,1
LFYYWTEEQ,1
ILYPWKNDN,1
LFFYWKEDN,1
ILYPWKDDN,1
LFAYNKDDR,1
IIFYWTEHR,1
IFYYGKEER,1
IFYYNKDDR,1
VFYYWKDER,1
VFYYWKEDR,1
LLFYWTEHR,1
VFYYWKEHN,1
LLFYWKNDN,1
IFYYWKEHR,1
IIYYWKNEN,1
IIYYWKNDN,1
IIFYWKEHR,1
IFYYWKDDR,1
IFYYWKDHN,1
IFYYWTNDR,1
IFYYWTDDR,1
IFFYWTDER,1
IIFYWKEHQ,1
IFYYWTEEQ,1
IIFYWKNHQ,1
VFAYNKNER,1
IFFYWKEDN,1
IIFYWKNHN,1
IIFYWKDHN,1
ILFYWTEHR,1
IIFYWTNDR,1
IIFYWKNDQ,1
IIFYWKNEN,1
LLFYWKEHR,1
IIFYWTEEQ,1
IIFYWTNEQ,1
LLFYWKEHQ,1
LLFYWKNHQ,1
LLFYWKNHN,1
VFAYWKNDN,1
LLFYWKDHN,1
LLFYWTNDR,1
IIFYWKDEN,1
IIFYWKEDN,1
LLFYWKNDQ,1
LFYYWTDDN,1
LLFYWTEEQ,1
LLFYWTNEQ,1
LIFYWKDDQ,1
ILFYWKEHR,1
LLFYWKDEN,1
LLFYWKEDN,1
ILFYWKEHQ,1
ILFYWKNHQ,1
ILFYWKNHN,1
ILFYWKDHN,1
ILFYWKNDQ,1
ILFYWKNEN,1
ILFYWTEEQ,1
ILFYWKNDN,1
ILFYWTNEQ,1
IFAYNKDDR,1
ILYYWKEHQ,1
ILFYWKDEN,1
ILFYWKEDN,1
ILYYWKNEN,1
LLFYWKDDQ,1
IFFYNKEHR,1
LIYSWKEHR,1
LLFYNKEER,1
LFYYNKDDR,1
IFAYNKNDR,1
VFFYGKEHR,1
ILYYNKEER,1
IIYYWTNHN,1
LLYPWKDHR,1
VFAYWTDEQ,1
LLYYNKEER,1
IIYPWKDDN,1
LFFSWKNDN,1
LFFSWKDHR,1
LLASWKEHR,1
LLYSWKEHR,1
IFYYNTDEQ,1
VIYYWTEER,1
IFYSWKEHR,1
VFYPWTEHR,1
IFYSWKNHR,1
IFFSWKDHR,1
VFYPWTNHN,1
IFYYWTDDN,1
LFAPWKDHQ,1
VFFSWTEEQ,1
LFYSWKNHR,1
GLVGAAGLGGLGVGGLG,1
NTKYFYEDQ,1
AEAEAKAKAEAEAKAK,1
AEAEAEAEAKAKAKAK,1
ISDNL,1
LDFPI,1
FAGFT,1
FGFDP,1
VKVFF,1
AEAEAEAKAEAEAKAK,1
GGGGGGGCCERGDS,1
IFAYWKDER,1
IFAYWKEDR,1
IFYYWTEER,1
IIFYWKEDR,1
ILAYWTNER,1
ILFYWKEER,1
LFAYWKDER,1
LFAYWKEDR,1
LFYPWKDER,1
LLFYWKEER,1
VFFYWKEDR,1
VFYSGTEEQM,1
LFYSGTDENM,1
AAAK,1
GAGAGVGY,1
GNNQQNY,1
LSFDNSGAITIG,1
RIIIR,1
VKVKVKGKVPPTKVKVKVKV,1
KFFFE,1
AAAAAAD,1
AAAAAAAK,1
AAAAAAK,1
AAAKAAAAKAAAAAYA,1
GGGGDD,1
GGGGGGDD,1
GGGGGGGGDD,1
GGGGGGGGGGDD,1
IIIFGK,1
KIIIIK,1
KIIIK,1
VVVVVVKKKK,1
CLRVRGEV,1
EFFFFE,1
FKFKFKFE,1
FKFKFEFE,1
HIIIIIH,1
HIIIIH,1
IIIIIIKK,1
IIIIIIKKK,1
IIIQGK,1
IIISGK,1
IIIYGK,1
ILIIK,1
KEFFFFKE,1
FYK,1
YFK,1
FWK,1
DFF,1
GPG,1
LFF,1
KFA,1
LVE,1
YYD,1
RGD,1
GSH,1
FFD,1
FWR,1
FWS,1
FEW,1
FWD,1
FFR,1
FFS,1
FFE,1
FFK,1
KYF,1
KFF,1
KYW,1
CHC,1
FGG,1
PFG,1
DFY,1
WII,1
IVD,1
FGD,1
FAD,1
LLE,1
KCR,1
YSL,1
LKP,1
GHK,1
KFG,1
VYK,1
FNF,1
IFAPGKDER,1
IFAPGTEHR,1
IFAPGKNEN,1
IFAPGTEDQ,1
IFAPGKNDQ,1
IFAPGTNER,1
VFFYWTEHR,1
VFFYWKNEN,1
VFFYWTEDQ,1
VFFYWTDHQ,1
VFFYWKNDQ,1
VFFYWTNER,1
LIFSNKDER,1
LIFSNTEHR,1
LIFSNKNEN,1
LIFSNTEDQ,1
LIFSNTDHQ,1
LIFSNKNDQ,1
LIFSNTNER,1
VLYYWKDER,1
VLYYWTEHR,1
VLYYWKNEN,1
VLYYWTDHQ,1
VLYYWKNDQ,1
VLYYWTNER,1
IFFPNKDER,1
IFFPNTEHR,1
IFFPNKNEN,1
IFFPNTEDQ,1
IFFPNTDHQ,1
IFFPNKNDQ,1
IFFPNTNER,1
LFYYNKDER,1
LFYYNTEHR,1
LFYYNKNEN,1
LFYYNTDHQ,1
LFYYNKNDQ,1
LFYYNTNER,1
IIFPWTEHR,1
IIFPWKNEN,1
IIFPWTEDQ,1
IIFPWTDHQ,1
IIFPWKNDQ,1
IIFPWTNER,1
IFYSNKNEQ,0
LFYSNKNEQ,0
IFFSNTEER,0
LFFSNTEER,0
IIAYWTDHQ,0
ILAYWTDHQ,0
LIAYWTDHQ,0
LLAYWTDHQ,0
IIAYWTEHN,0
ILAYWTEHN,0
LIAYWTEHN,0
LLAYWTEHN,0
IIAYWTNHQ,0
ILAYWTNHQ,0
LIAYWTNHQ,0
LLAYWTNHQ,0
IFFYNTNDQ,0
LFFYNTNDQ,0
IFFYNTNEN,0
LFFYNTNEN,0
VIFPWKEDQ,0
VLFPWKEDQ,0
VIFPWKEEN,0
VLFPWKEEN,0
IFYSNKDER,0
LFYSNKDER,0
IFYSNKEDR,0
LFYSNKEDR,0
IFYYGTDHR,0
LFYYGTDHR,0
IFFPNKNHR,0
LFFPNKNHR,0
IFFSWTEDQ,0
LFFSWTEDQ,0
IFFSWTEEN,0
LFFSWTEEN,0
IIYPWTEHQ,0
ILYPWTEHQ,0
LIYPWTEHQ,0
LLYPWTEHQ,0
VIFPWKNHR,0
VLFPWKNHR,0
VFYYNKDHN,0
VFYYNTEHQ,0
VFFSWTEER,0
VFYSWKNEQ,0
VFYSWTDER,0
VFYSWTEDR,0
VFYPWKNHN,0
IFYSWTEER,0
LFYSWTEER,0
IFFPWKEHQ,0
LFFPWKEHQ,0
IIYPWKEHR,0
ILYPWKEHR,0
LIYPWKEHR,0
LLYPWKEHR,0
IFFYWKEER,0
LFFYWKEER,0
IIYSWTEEQ,0
ILYSWTEEQ,0
LIYSWTEEQ,0
LLYSWTEEQ,0
IIYSWTDDR,0
ILYSWTDDR,0
LIYSWTDDR,0
LLYSWTDDR,0
IIYPWKDHN,0
ILYPWKDHN,0
LIYPWKDHN,0
LLYPWKDHN,0
IIYYNKEDQ,0
ILYYNKEDQ,0
LIYYNKEDQ,0
LLYYNKEDQ,0
IIYYNKEEN,0
ILYYNKEEN,0
LIYYNKEEN,0
LLYYNKEEN,0
VIYSWKDER,0
VLYSWKDER,0
VIYSWKEDR,0
VLYSWKEDR,0
VFFSWKDDR,0
IFFYNTEHQ,0
LFFYNTEHQ,0
VFFSWKEEQ,0
VFYYGKEHR,0
VFYYNKNHN,0
IFFSWKNEQ,0
LFFSWKNEQ,0
VFYSWTNER,0
VFYSWKDEQ,0
VFYSWKEEN,0
VFYSWKEDQ,0
VFFYNKNDR,0
IFYSWTDDR,0
LFYSWTDDR,0
IFYSWTEEQ,0
LFYSWTEEQ,0
VIYSWKEHR,0
VLYSWKEHR,0
VFASNKEHN,0
VFASNKDHQ,0
VFASNKNHQ,0
VIFPGKNDR,0
VFFPGTNHQ,0
VFYSGTNHR,0
VFAPNKNEQ,0
VFFPGTDHQ,0
VFFPGTEHN,0
VFAPNKDEQ,0
VIFPGKDDR,0
VLFPGKDDR,0
IFFPNTDEQ,0
LFFPNTDEQ,0
VFFSNKDEQ,0
VFFSNKNEQ,0
VFFSNKEHR,0
VFYSNKNHR,0
LFYPWTNDN,0
IFYPWTDDN,0
IFYPWYNDN,0
LFYPWTDDN,0
IFYSWTDDQ,0
IFYSWTDEN,0
IFYSWTNDQ,0
IFYSWTNEN,0
LFYSWTNEN,0
LFYSWTDDQ,0
LFYSWTDEN,0
IIAYWKDHR,0
IIAYWKNHR,0
ILAYWKDHR,0
ILAYWKNHR,0
LIAYWKDHR,0
LLAYWKDHR,0
LIAYWKNHR,0
LLAYWKNHR,0
IIFSWKDHR,0
ILFSWKDHR,0
LIFSWKDHR,0
LLFSWKDHR,0
LFYSWTEEN,0
IFYSWTEEN,0
IIYPWKNHN,0
ILYPWKNHN,0
LIYPWKNHN,0
LLYPWKNHN,0
VIFYWTDHN,0
VLFYWTDHN,0
VIFYWKNDN,0
VLFYWKNDN,0
VIFYNKEER,0
VLFYNKEER,0
VIFYWTNHN,0
VLFYWTNHN,0
VFFPWKNEQ,0
VIYYNTEHR,0
VLYYNTEHR,0
IFFYNKNHN,0
LFFYNKNHN,0
IFFYNKDHN,0
LFFYNKDHN,0
IFFYGKEHR,0
LFFYGKEHR,0
IIYSWKEHQ,0
ILYSWKEHQ,0
LIYSWKEHQ,0
LLYSWKEHQ,0
IFYSWKDDQ,0
LFYSWKDDQ,0
IFYSWKDEN,0
LFYSWKDEN,0
IFYSWKEDN,0
LFYSWKEDN,0
IFFPWKEDQ,0
LFFPWKEDQ,0
IFAPWKDDQ,0
IFAPWKEEQ,0
IFAPWTEER,0
IFAPWTNHR,0
IFASWTNDN,0
IFAPWTEHR,0
IFAYNKEHQ,0
IFAYNTEHR,0
IFAYWTDDN,0
IFAYWTNDN,0
IFFPNKNDR,0
IFFPNTDHR,0
IFFPNTNHR,0
IFFSNKEEQ,0
IFFSNTNHR,0
IFFSWTDDN,0
IFFSWTNDN,0
IFFYGKDEQ,0
IFFYGKEDQ,0
IFFYGKNEQ,0
IFFYGTDER,0
LFAPWKDDQ,0
IFFYGTEDR,0
LFAPWKEEQ,0
LFAPWTEER,0
LFAPWTNHR,0
LFASWTNDN,0
LFAPWTEHR,0
LFAYNKEHQ,0
LFAYNTEER,0
LFAYWTDDN,0
LFAYWTNDN,0
LFFPNKNDR,0
LFFPNTDHR,0
LFFPNTNHR,0
LFFSNKEEQ,0
LFFSNTNHR,0
LFFSWTDDN,0
LFFSWTNDN,0
LFFYGKDEQ,0
LFFYGKEDQ,0
LFFYGKNEQ,0
LFFYGTDER,0
LFFYGTEDR,0
IFYPWKNHQ,0
LFYPWKNHQ,0
IIYYWKDHN,0
ILYYWKDHN,0
LIYYWKDHN,0
LLYYWKDHN,0
IFYYWKNHQ,0
LFYYWKNHQ,0
IFAYWKEHR,0
LFAYWKEHR,0
VFYSGKNHRM,0
RITWI,0
PLVKA,0
PFTTR,0
QIMRW,0
KIEKLKWKNAQLKADVDKLDAENAQLDA,0
DSVDGFEAETCTASEDCEHAA,0
DSADGEVAHTCTDSDVCFEAD,0
IFAPGTDHQ,0
VLYYWTEDQ,0
IIFPWKDER,0
